trade,town,listings
tree,New Orleans,25
tree,Metairie,25
tree,Kenner,9
tree,Harahan,2
tree,River Ridge,1
tree,Gretna,4
tree,Marrero,5
tree,Chalmette,3
tree,Slidell,12
tree,Mandeville,5
tree,Covington,12
tree,Elsewhere in the metro,52
landscaping,New Orleans,82
landscaping,Metairie,62
landscaping,Kenner,27
landscaping,Harahan,8
landscaping,River Ridge,2
landscaping,Gretna,10
landscaping,Marrero,12
landscaping,Chalmette,0
landscaping,Slidell,25
landscaping,Mandeville,28
landscaping,Covington,38
landscaping,Elsewhere in the metro,134
roofing,New Orleans,0
roofing,Metairie,0
roofing,Kenner,0
roofing,Harahan,0
roofing,River Ridge,0
roofing,Gretna,0
roofing,Marrero,0
roofing,Chalmette,0
roofing,Slidell,0
roofing,Mandeville,0
roofing,Covington,0
roofing,Elsewhere in the metro,0
hvac,New Orleans,0
hvac,Metairie,0
hvac,Kenner,0
hvac,Harahan,0
hvac,River Ridge,0
hvac,Gretna,0
hvac,Marrero,0
hvac,Chalmette,0
hvac,Slidell,0
hvac,Mandeville,0
hvac,Covington,0
hvac,Elsewhere in the metro,0
plumbing,New Orleans,0
plumbing,Metairie,0
plumbing,Kenner,0
plumbing,Harahan,0
plumbing,River Ridge,0
plumbing,Gretna,0
plumbing,Marrero,0
plumbing,Chalmette,0
plumbing,Slidell,0
plumbing,Mandeville,0
plumbing,Covington,0
plumbing,Elsewhere in the metro,0
remodeling,New Orleans,0
remodeling,Metairie,0
remodeling,Kenner,0
remodeling,Harahan,0
remodeling,River Ridge,0
remodeling,Gretna,0
remodeling,Marrero,0
remodeling,Chalmette,0
remodeling,Slidell,0
remodeling,Mandeville,0
remodeling,Covington,0
remodeling,Elsewhere in the metro,0
